<ImportExportXml xmlns:xsi="http://www.w3.org/2001/XMLSchema-instance">
  <Entities>
    <Entity>
      <Name LocalizedName="Account" OriginalName="">Account</Name>
      <EntityInfo>
        <entity Name="Account">
          <attributes>
            <attribute PhysicalName="bk_Comment">
              <Type>ntext</Type>
              <Name>bk_comment</Name>
              <LogicalName>bk_comment</LogicalName>
              <RequiredLevel>none</RequiredLevel>
              <DisplayMask>ValidForAdvancedFind|ValidForForm|ValidForGrid</DisplayMask>
              <ImeMode>auto</ImeMode>
              <ValidForUpdateApi>1</ValidForUpdateApi>
              <ValidForReadApi>1</ValidForReadApi>
              <ValidForCreateApi>1</ValidForCreateApi>
              <IsCustomField>1</IsCustomField>
              <IsAuditEnabled>1</IsAuditEnabled>
              <IsSecured>0</IsSecured>
              <IntroducedVersion>1.0.0.0</IntroducedVersion>
              <IsCustomizable>1</IsCustomizable>
              <IsRenameable>1</IsRenameable>
              <CanModifySearchSettings>1</CanModifySearchSettings>
              <CanModifyRequirementLevelSettings>1</CanModifyRequirementLevelSettings>
              <CanModifyAdditionalSettings>1</CanModifyAdditionalSettings>
              <SourceType>0</SourceType>
              <IsGlobalFilterEnabled>0</IsGlobalFilterEnabled>
              <IsSortableEnabled>0</IsSortableEnabled>
              <CanModifyGlobalFilterSettings>1</CanModifyGlobalFilterSettings>
              <CanModifyIsSortableSettings>1</CanModifyIsSortableSettings>
              <IsDataSourceSecret>0</IsDataSourceSecret>
              <Format></Format>
              <MaxLength>2000</MaxLength>
              <displaynames>
                <displayname description="Comment" languagecode="1033" />
              </displaynames>
              <Descriptions>
                <Description description="" languagecode="1033" />
              </Descriptions>
            </attribute>
            <attribute PhysicalName="bk_ExperienceInFiCode">
              <Type>picklist</Type>
              <Name>bk_experienceinficode</Name>
              <LogicalName>bk_experienceinficode</LogicalName>
              <RequiredLevel>none</RequiredLevel>
              <DisplayMask>ValidForAdvancedFind|ValidForForm|ValidForGrid</DisplayMask>
              <ImeMode>auto</ImeMode>
              <ValidForUpdateApi>1</ValidForUpdateApi>
              <ValidForReadApi>1</ValidForReadApi>
              <ValidForCreateApi>1</ValidForCreateApi>
              <IsCustomField>1</IsCustomField>
              <IsAuditEnabled>1</IsAuditEnabled>
              <IsSecured>0</IsSecured>
              <IntroducedVersion>1.0.0.0</IntroducedVersion>
              <IsCustomizable>1</IsCustomizable>
              <IsRenameable>1</IsRenameable>
              <CanModifySearchSettings>1</CanModifySearchSettings>
              <CanModifyRequirementLevelSettings>1</CanModifyRequirementLevelSettings>
              <CanModifyAdditionalSettings>1</CanModifyAdditionalSettings>
              <SourceType>0</SourceType>
              <IsGlobalFilterEnabled>0</IsGlobalFilterEnabled>
              <IsSortableEnabled>0</IsSortableEnabled>
              <CanModifyGlobalFilterSettings>1</CanModifyGlobalFilterSettings>
              <CanModifyIsSortableSettings>1</CanModifyIsSortableSettings>
              <IsDataSourceSecret>0</IsDataSourceSecret>
              <AppDefaultValue>-1</AppDefaultValue>
              <optionset Name="bk_account_bk_experienceinficode">
                <OptionSetType>picklist</OptionSetType>
                <IntroducedVersion>1.0.0.0</IntroducedVersion>
                <IsCustomizable>1</IsCustomizable>
                <displaynames>
                  <displayname description="Experience in Financial Instruments" languagecode="1033" />
                </displaynames>
                <Descriptions>
                  <Description description="" languagecode="1033" />
                </Descriptions>
                <options>
                  <option value="1" ExternalValue="" Color="#0000ff">
                    <labels>
                      <label description="Active Trader" languagecode="1033" />
                    </labels>
                  </option>
                  <option value="2" ExternalValue="" Color="#0000ff">
                    <labels>
                      <label description="Done Trading" languagecode="1033" />
                    </labels>
                  </option>
                  <option value="3" ExternalValue="" Color="#0000ff">
                    <labels>
                      <label description="None" languagecode="1033" />
                    </labels>
                  </option>
                </options>
              </optionset>
              <displaynames>
                <displayname description="Experience in Financial Instruments" languagecode="1033" />
              </displaynames>
              <Descriptions>
                <Description description="" languagecode="1033" />
              </Descriptions>
            </attribute>
            <attribute PhysicalName="bk_InvestmentHorizonCode">
              <Type>picklist</Type>
              <Name>bk_investmenthorizoncode</Name>
              <LogicalName>bk_investmenthorizoncode</LogicalName>
              <RequiredLevel>none</RequiredLevel>
              <DisplayMask>ValidForAdvancedFind|ValidForForm|ValidForGrid</DisplayMask>
              <ImeMode>auto</ImeMode>
              <ValidForUpdateApi>1</ValidForUpdateApi>
              <ValidForReadApi>1</ValidForReadApi>
              <ValidForCreateApi>1</ValidForCreateApi>
              <IsCustomField>1</IsCustomField>
              <IsAuditEnabled>1</IsAuditEnabled>
              <IsSecured>0</IsSecured>
              <IntroducedVersion>1.0.0.0</IntroducedVersion>
              <IsCustomizable>1</IsCustomizable>
              <IsRenameable>1</IsRenameable>
              <CanModifySearchSettings>1</CanModifySearchSettings>
              <CanModifyRequirementLevelSettings>1</CanModifyRequirementLevelSettings>
              <CanModifyAdditionalSettings>1</CanModifyAdditionalSettings>
              <SourceType>0</SourceType>
              <IsGlobalFilterEnabled>0</IsGlobalFilterEnabled>
              <IsSortableEnabled>0</IsSortableEnabled>
              <CanModifyGlobalFilterSettings>1</CanModifyGlobalFilterSettings>
              <CanModifyIsSortableSettings>1</CanModifyIsSortableSettings>
              <IsDataSourceSecret>0</IsDataSourceSecret>
              <AppDefaultValue>-1</AppDefaultValue>
              <optionset Name="bk_account_bk_investmenthorizoncode">
                <OptionSetType>picklist</OptionSetType>
                <IntroducedVersion>1.0.0.0</IntroducedVersion>
                <IsCustomizable>1</IsCustomizable>
                <displaynames>
                  <displayname description="Investment horizon" languagecode="1033" />
                </displaynames>
                <Descriptions>
                  <Description description="" languagecode="1033" />
                </Descriptions>
                <options>
                  <option value="1" ExternalValue="" Color="#0000ff">
                    <labels>
                      <label description="up to 3 months" languagecode="1033" />
                    </labels>
                  </option>
                  <option value="2" ExternalValue="" Color="#0000ff">
                    <labels>
                      <label description="up to 12 months" languagecode="1033" />
                    </labels>
                  </option>
                  <option value="3" ExternalValue="" Color="#0000ff">
                    <labels>
                      <label description="1-3 years" languagecode="1033" />
                    </labels>
                  </option>
                  <option value="4" ExternalValue="" Color="#0000ff">
                    <labels>
                      <label description="more than 3 years" languagecode="1033" />
                    </labels>
                  </option>
                </options>
              </optionset>
              <displaynames>
                <displayname description="Investment horizon" languagecode="1033" />
              </displaynames>
              <Descriptions>
                <Description description="" languagecode="1033" />
              </Descriptions>
            </attribute>
            <attribute PhysicalName="bk_ReasonOfFiCode">
              <Type>picklist</Type>
              <Name>bk_reasonofficode</Name>
              <LogicalName>bk_reasonofficode</LogicalName>
              <RequiredLevel>none</RequiredLevel>
              <DisplayMask>ValidForAdvancedFind|ValidForForm|ValidForGrid</DisplayMask>
              <ImeMode>auto</ImeMode>
              <ValidForUpdateApi>1</ValidForUpdateApi>
              <ValidForReadApi>1</ValidForReadApi>
              <ValidForCreateApi>1</ValidForCreateApi>
              <IsCustomField>1</IsCustomField>
              <IsAuditEnabled>1</IsAuditEnabled>
              <IsSecured>0</IsSecured>
              <IntroducedVersion>1.0.0.0</IntroducedVersion>
              <IsCustomizable>1</IsCustomizable>
              <IsRenameable>1</IsRenameable>
              <CanModifySearchSettings>1</CanModifySearchSettings>
              <CanModifyRequirementLevelSettings>1</CanModifyRequirementLevelSettings>
              <CanModifyAdditionalSettings>1</CanModifyAdditionalSettings>
              <SourceType>0</SourceType>
              <IsGlobalFilterEnabled>0</IsGlobalFilterEnabled>
              <IsSortableEnabled>0</IsSortableEnabled>
              <CanModifyGlobalFilterSettings>1</CanModifyGlobalFilterSettings>
              <CanModifyIsSortableSettings>1</CanModifyIsSortableSettings>
              <IsDataSourceSecret>0</IsDataSourceSecret>
              <AppDefaultValue>-1</AppDefaultValue>
              <optionset Name="bk_account_bk_reasonofficode">
                <OptionSetType>picklist</OptionSetType>
                <IntroducedVersion>1.0.0.0</IntroducedVersion>
                <IsCustomizable>1</IsCustomizable>
                <displaynames>
                  <displayname description="Why are you trading Financial Instruments?" languagecode="1033" />
                </displaynames>
                <Descriptions>
                  <Description description="" languagecode="1033" />
                </Descriptions>
                <options>
                  <option value="1" ExternalValue="" Color="#0000ff">
                    <labels>
                      <label description="for hedging commercial risk" languagecode="1033" />
                    </labels>
                  </option>
                  <option value="2" ExternalValue="" Color="#0000ff">
                    <labels>
                      <label description="for investment purposes" languagecode="1033" />
                    </labels>
                  </option>
                  <option value="3" ExternalValue="" Color="#0000ff">
                    <labels>
                      <label description="both above" languagecode="1033" />
                    </labels>
                  </option>
                </options>
              </optionset>
              <displaynames>
                <displayname description="Why are you trading Financial Instruments?" languagecode="1033" />
              </displaynames>
              <Descriptions>
                <Description description="" languagecode="1033" />
              </Descriptions>
            </attribute>
            <attribute PhysicalName="bk_RiskCopyFromid">
              <Type>lookup</Type>
              <Name>bk_riskcopyfromid</Name>
              <LogicalName>bk_riskcopyfromid</LogicalName>
              <RequiredLevel>none</RequiredLevel>
              <DisplayMask>ValidForAdvancedFind|ValidForForm|ValidForGrid</DisplayMask>
              <ImeMode>auto</ImeMode>
              <ValidForUpdateApi>1</ValidForUpdateApi>
              <ValidForReadApi>1</ValidForReadApi>
              <ValidForCreateApi>1</ValidForCreateApi>
              <IsCustomField>1</IsCustomField>
              <IsAuditEnabled>1</IsAuditEnabled>
              <IsSecured>0</IsSecured>
              <IntroducedVersion>1.0.0.0</IntroducedVersion>
              <IsCustomizable>1</IsCustomizable>
              <IsRenameable>1</IsRenameable>
              <CanModifySearchSettings>1</CanModifySearchSettings>
              <CanModifyRequirementLevelSettings>1</CanModifyRequirementLevelSettings>
              <CanModifyAdditionalSettings>1</CanModifyAdditionalSettings>
              <SourceType>0</SourceType>
              <IsGlobalFilterEnabled>0</IsGlobalFilterEnabled>
              <IsSortableEnabled>0</IsSortableEnabled>
              <CanModifyGlobalFilterSettings>1</CanModifyGlobalFilterSettings>
              <CanModifyIsSortableSettings>1</CanModifyIsSortableSettings>
              <IsDataSourceSecret>0</IsDataSourceSecret>
              <LookupStyle>single</LookupStyle>
              <LookupTypes />
              <displaynames>
                <displayname description="Copy From (Risk Profile)" languagecode="1033" />
              </displaynames>
              <Descriptions>
                <Description description="" languagecode="1033" />
              </Descriptions>
            </attribute>
            <attribute PhysicalName="bk_SuitableInvestObjCode">
              <Type>multiselectpicklist</Type>
              <Name>bk_suitableinvestobjcode</Name>
              <LogicalName>bk_suitableinvestobjcode</LogicalName>
              <RequiredLevel>none</RequiredLevel>
              <DisplayMask>ValidForAdvancedFind|ValidForForm|ValidForGrid</DisplayMask>
              <ImeMode>auto</ImeMode>
              <ValidForUpdateApi>1</ValidForUpdateApi>
              <ValidForReadApi>1</ValidForReadApi>
              <ValidForCreateApi>1</ValidForCreateApi>
              <IsCustomField>1</IsCustomField>
              <IsAuditEnabled>1</IsAuditEnabled>
              <IsSecured>0</IsSecured>
              <IntroducedVersion>1.0.0.0</IntroducedVersion>
              <IsCustomizable>1</IsCustomizable>
              <IsRenameable>1</IsRenameable>
              <CanModifySearchSettings>1</CanModifySearchSettings>
              <CanModifyRequirementLevelSettings>1</CanModifyRequirementLevelSettings>
              <CanModifyAdditionalSettings>1</CanModifyAdditionalSettings>
              <SourceType>0</SourceType>
              <IsGlobalFilterEnabled>0</IsGlobalFilterEnabled>
              <IsSortableEnabled>0</IsSortableEnabled>
              <CanModifyGlobalFilterSettings>1</CanModifyGlobalFilterSettings>
              <CanModifyIsSortableSettings>1</CanModifyIsSortableSettings>
              <IsDataSourceSecret>0</IsDataSourceSecret>
              <optionset Name="bk_account_bk_suitableinvestobjcode">
                <OptionSetType>picklist</OptionSetType>
                <IntroducedVersion>1.0.0.0</IntroducedVersion>
                <IsCustomizable>1</IsCustomizable>
                <displaynames>
                  <displayname description="Suitable investment objectives" languagecode="1033" />
                </displaynames>
                <Descriptions>
                  <Description description="" languagecode="1033" />
                </Descriptions>
                <options>
                  <option value="1" ExternalValue="" Color="#0000ff">
                    <labels>
                      <label description="Liquidity management" languagecode="1033" />
                    </labels>
                  </option>
                  <option value="2" ExternalValue="" Color="#0000ff">
                    <labels>
                      <label description="Wealth accumulation" languagecode="1033" />
                    </labels>
                  </option>
                  <option value="3" ExternalValue="" Color="#0000ff">
                    <labels>
                      <label description="Maximize current income" languagecode="1033" />
                    </labels>
                  </option>
                  <option value="4" ExternalValue="" Color="#0000ff">
                    <labels>
                      <label description="Speculative portfolio aiming for higher returns" languagecode="1033" />
                    </labels>
                  </option>
                </options>
              </optionset>
              <displaynames>
                <displayname description="Suitable investment objectives" languagecode="1033" />
              </displaynames>
              <Descriptions>
                <Description description="" languagecode="1033" />
              </Descriptions>
            </attribute>
            <attribute PhysicalName="bk_YearlyAverageTurnover">
              <Type>money</Type>
              <Name>bk_yearlyaverageturnover</Name>
              <LogicalName>bk_yearlyaverageturnover</LogicalName>
              <RequiredLevel>none</RequiredLevel>
              <DisplayMask>ValidForAdvancedFind|ValidForForm|ValidForGrid</DisplayMask>
              <ImeMode>auto</ImeMode>
              <ValidForUpdateApi>1</ValidForUpdateApi>
              <ValidForReadApi>1</ValidForReadApi>
              <ValidForCreateApi>1</ValidForCreateApi>
              <IsCustomField>1</IsCustomField>
              <IsAuditEnabled>1</IsAuditEnabled>
              <IsSecured>0</IsSecured>
              <IntroducedVersion>1.0.0.0</IntroducedVersion>
              <IsCustomizable>1</IsCustomizable>
              <IsRenameable>1</IsRenameable>
              <CanModifySearchSettings>1</CanModifySearchSettings>
              <CanModifyRequirementLevelSettings>1</CanModifyRequirementLevelSettings>
              <CanModifyAdditionalSettings>1</CanModifyAdditionalSettings>
              <SourceType>0</SourceType>
              <IsGlobalFilterEnabled>0</IsGlobalFilterEnabled>
              <IsSortableEnabled>0</IsSortableEnabled>
              <CanModifyGlobalFilterSettings>1</CanModifyGlobalFilterSettings>
              <CanModifyIsSortableSettings>1</CanModifyIsSortableSettings>
              <IsDataSourceSecret>0</IsDataSourceSecret>
              <MinValue>-922337203685477</MinValue>
              <MaxValue>922337203685477</MaxValue>
              <Accuracy>4</Accuracy>
              <AccuracySource>2</AccuracySource>
              <displaynames>
                <displayname description="Yearly average turnover" languagecode="1033" />
              </displaynames>
              <Descriptions>
                <Description description="" languagecode="1033" />
              </Descriptions>
            </attribute>
            <attribute PhysicalName="bk_yearlyaverageturnover_Base">
              <Type>money</Type>
              <Name>bk_yearlyaverageturnover_base</Name>
              <LogicalName>bk_yearlyaverageturnover_base</LogicalName>
              <RequiredLevel>none</RequiredLevel>
              <DisplayMask>ValidForAdvancedFind|ValidForForm|ValidForGrid</DisplayMask>
              <ImeMode>disabled</ImeMode>
              <ValidForReadApi>1</ValidForReadApi>
              <IsCustomField>1</IsCustomField>
              <IsAuditEnabled>1</IsAuditEnabled>
              <IsSecured>0</IsSecured>
              <IntroducedVersion>1.0.0.0</IntroducedVersion>
              <IsCustomizable>1</IsCustomizable>
              <IsRenameable>1</IsRenameable>
              <CanModifySearchSettings>1</CanModifySearchSettings>
              <CanModifyRequirementLevelSettings>1</CanModifyRequirementLevelSettings>
              <CanModifyAdditionalSettings>1</CanModifyAdditionalSettings>
              <SourceType>0</SourceType>
              <IsGlobalFilterEnabled>0</IsGlobalFilterEnabled>
              <IsSortableEnabled>0</IsSortableEnabled>
              <CanModifyGlobalFilterSettings>1</CanModifyGlobalFilterSettings>
              <CanModifyIsSortableSettings>1</CanModifyIsSortableSettings>
              <IsDataSourceSecret>0</IsDataSourceSecret>
              <MinValue>-922337203685477</MinValue>
              <MaxValue>922337203685477</MaxValue>
              <Accuracy>4</Accuracy>
              <AccuracySource>2</AccuracySource>
              <CalculationOf>bk_YearlyAverageTurnover</CalculationOf>
              <displaynames>
                <displayname description="Yearly Average Turnover (Base)" languagecode="1033" />
              </displaynames>
              <Descriptions>
                <Description description="Value of the Yearly Average Turnover in base currency." languagecode="1033" />
              </Descriptions>
            </attribute>
          </attributes>
          <EntitySetName>accounts</EntitySetName>
          <IsDuplicateCheckSupported>1</IsDuplicateCheckSupported>
          <IsBusinessProcessEnabled>1</IsBusinessProcessEnabled>
          <IsRequiredOffline>0</IsRequiredOffline>
          <IsInteractionCentricEnabled>1</IsInteractionCentricEnabled>
          <IsCollaboration>0</IsCollaboration>
          <AutoRouteToOwnerQueue>0</AutoRouteToOwnerQueue>
          <IsConnectionsEnabled>1</IsConnectionsEnabled>
          <EntityColor>#794300</EntityColor>
          <IsDocumentManagementEnabled>1</IsDocumentManagementEnabled>
          <IsOneNoteIntegrationEnabled>1</IsOneNoteIntegrationEnabled>
          <IsKnowledgeManagementEnabled>0</IsKnowledgeManagementEnabled>
          <IsSLAEnabled>0</IsSLAEnabled>
          <IsDocumentRecommendationsEnabled>0</IsDocumentRecommendationsEnabled>
          <IsBPFEntity>0</IsBPFEntity>
          <OwnershipTypeMask>UserOwned</OwnershipTypeMask>
          <EntityMask>ActivityPointer</EntityMask>
          <IsAuditEnabled>0</IsAuditEnabled>
          <IsRetrieveAuditEnabled>0</IsRetrieveAuditEnabled>
          <IsRetrieveMultipleAuditEnabled>0</IsRetrieveMultipleAuditEnabled>
          <IsActivity>0</IsActivity>
          <ActivityTypeMask></ActivityTypeMask>
          <IsActivityParty>1</IsActivityParty>
          <IsReplicated>1</IsReplicated>
          <IsReplicationUserFiltered>1</IsReplicationUserFiltered>
          <IsMailMergeEnabled>1</IsMailMergeEnabled>
          <IsVisibleInMobile>1</IsVisibleInMobile>
          <IsVisibleInMobileClient>1</IsVisibleInMobileClient>
          <IsReadOnlyInMobileClient>0</IsReadOnlyInMobileClient>
          <IsOfflineInMobileClient>1</IsOfflineInMobileClient>
          <DaysSinceRecordLastModified>0</DaysSinceRecordLastModified>
          <MobileOfflineFilters>
		&lt;fetch version="1.0" output-format="xml-platform" mapping="logical" distinct="false"&gt;
			&lt;entity name="account"&gt;
				&lt;filter type="and"&gt;
					&lt;condition attribute="modifiedon" operator="last-x-days" value="10"/&gt;
				&lt;/filter&gt;
			&lt;/entity&gt;
		&lt;/fetch&gt;
	</MobileOfflineFilters>
          <IsMapiGridEnabled>1</IsMapiGridEnabled>
          <IsReadingPaneEnabled>1</IsReadingPaneEnabled>
          <IsQuickCreateEnabled>1</IsQuickCreateEnabled>
          <SyncToExternalSearchIndex>1</SyncToExternalSearchIndex>
          <IntroducedVersion>5.0.0.0</IntroducedVersion>
          <EnforceStateTransitions>0</EnforceStateTransitions>
          <EntityHelpUrlEnabled>0</EntityHelpUrlEnabled>
          <ChangeTrackingEnabled>1</ChangeTrackingEnabled>
          <IsEnabledForExternalChannels>1</IsEnabledForExternalChannels>
          <HasRelatedNotes>True</HasRelatedNotes>
          <HasRelatedActivities>True</HasRelatedActivities>
        </entity>
      </EntityInfo>
      <FormXml>
        <forms type="main">
          <systemform>
            <formid>{8448b78f-8f42-454e-8e2a-f8196b0419af}</formid>
            <IntroducedVersion>5.0.0.0</IntroducedVersion>
            <FormPresentation>1</FormPresentation>
            <FormActivationState>1</FormActivationState>
            <form showImage="true" shownavigationbar="true" maxWidth="1920" solutionaction="Modified">
              <tabs>
                <tab name="SUMMARY_TAB" id="{3b0b63a9-d379-689a-0ec3-e71eb4c6a841}" IsUserDefined="0" showlabel="true" expanded="true" locklevel="0" ordinalvalue="0">
                  <columns>
                    <column width="25%" id="2">
                      <sections>
                        <section name="SUMMARY_TAB_section_6" showlabel="false" showbar="false" locklevel="0" id="{d4c3ee9c-ba71-5cdb-31be-2aa505750472}" IsUserDefined="0" layout="varwidth" columns="1" labelwidth="115" celllabelalignment="Left" celllabelposition="Top" ordinalvalue="1">
                          <rows>
                            <row>
                              <cell id="{8e24c7e3-6a40-5abb-eadb-254eba5478e2}" showlabel="true" colspan="1" auto="false" rowspan="7" ordinalvalue="10002">
                                <control id="Contacts" classid="{E7A81278-8635-4d9e-8D4D-59480B391C5B}">
                                  <parameters>
                                    <VisualizationId />
                                  </parameters>
                                </control>
                              </cell>
                            </row>
                          </rows>
                        </section>
                      </sections>
                    </column>
                  </columns>
                </tab>
                <tab name="DETAILS_TAB" id="{11a42c72-9ded-ea04-253d-2143e731b795}" IsUserDefined="0" showlabel="true" expanded="true" ordinalvalue="2" solutionaction="Modified" />
                <tab name="TabRiskProfile" id="{519d8911-727d-9c66-1117-daa50487eb9a}" IsUserDefined="0" locklevel="0" showlabel="true" expanded="true" ordinalvalue="1" solutionaction="Added">
                  <labels>
                    <label description="Risk Profile Informations" languagecode="1033" />
                  </labels>
                  <columns>
                    <column width="100%" id="0">
                      <sections>
                        <section name="TabRiskProfile_section_2" showlabel="false" showbar="false" locklevel="0" id="{562862b8-a822-a596-579d-1b7301a9d370}" IsUserDefined="0" layout="varwidth" columns="1" labelwidth="115" ordinalvalue="0">
                          <labels>
                            <label description="Section" languagecode="1033" />
                          </labels>
                          <rows>
                            <row>
                              <cell id="{d4cb2906-47a5-da37-506d-8c77a50869e9}" showlabel="true" locklevel="0" ordinalvalue="10000">
                                <labels>
                                  <label description="" languagecode="1033" />
                                </labels>
                                <control id="bk_riskcopyfromid" classid="{270BD3DB-D9AF-4782-9025-509E298DEC0A}" datafieldname="bk_riskcopyfromid" disabled="false" uniqueid="{a91cb5de-8d03-14a2-259b-928dd373a835}">
                                  <parameters>
                                    <AutoResolve>true</AutoResolve>
                                    <DisableMru>false</DisableMru>
                                    <DisableQuickFind>false</DisableQuickFind>
                                    <DisableViewPicker>false</DisableViewPicker>
                                    <DefaultViewId>{A9AF0AB8-861D-4CFA-92A5-C6281FED7FAB}</DefaultViewId>
                                    <AllowFilterOff>false</AllowFilterOff>
                                  </parameters>
                                </control>
                              </cell>
                            </row>
                          </rows>
                        </section>
                        <section name="tab_3_section_1" showlabel="false" showbar="false" locklevel="0" id="{07ea1e54-141b-9066-58ce-684883bc0a07}" IsUserDefined="0" layout="varwidth" columns="1" labelwidth="115" celllabelalignment="Left" celllabelposition="Left" ordinalvalue="1">
                          <labels>
                            <label description="Section" languagecode="1033" />
                          </labels>
                          <rows>
                            <row>
                              <cell id="{c39eb452-8a94-7966-5684-ec35ba8a5320}" showlabel="true" locklevel="0" ordinalvalue="10000">
                                <labels>
                                  <label description="Yearly Average Turnover" languagecode="1033" />
                                </labels>
                                <control id="bk_yearlyaverageturnover" classid="{533B9E00-756B-4312-95A0-DC888637AC78}" datafieldname="bk_yearlyaverageturnover" disabled="false" />
                              </cell>
                            </row>
                            <row>
                              <cell id="{974ba9ad-0bcb-4320-6745-278ed5a73d52}" showlabel="true" locklevel="0" ordinalvalue="10001">
                                <labels>
                                  <label description="" languagecode="1033" />
                                </labels>
                                <control id="bk_reasonofficode" classid="{3EF39988-22BB-4f0b-BBBE-64B5A3748AEE}" datafieldname="bk_reasonofficode" disabled="false" />
                              </cell>
                            </row>
                            <row>
                              <cell id="{585613dd-e3d2-3c51-b979-4ce77555d422}" showlabel="true" locklevel="0" ordinalvalue="10002">
                                <labels>
                                  <label description="" languagecode="1033" />
                                </labels>
                                <control id="bk_suitableinvestobjcode" classid="{4AA28AB7-9C13-4F57-A73D-AD894D048B5F}" datafieldname="bk_suitableinvestobjcode" disabled="false" uniqueid="{e2d37c2a-2317-b072-0db4-bea6aec2bca1}" />
                              </cell>
                            </row>
                            <row>
                              <cell id="{bee3c007-b5e9-9c9d-dcbb-621deb4d2a04}" showlabel="true" locklevel="0" ordinalvalue="10003">
                                <labels>
                                  <label description="" languagecode="1033" />
                                </labels>
                                <control id="bk_investmenthorizoncode" classid="{3EF39988-22BB-4f0b-BBBE-64B5A3748AEE}" datafieldname="bk_investmenthorizoncode" disabled="false" />
                              </cell>
                            </row>
                            <row>
                              <cell id="{26de459c-5abd-7020-5650-5d368ad643d7}" showlabel="true" locklevel="0" rowspan="3" ordinalvalue="10004">
                                <labels>
                                  <label description="" languagecode="1033" />
                                </labels>
                                <control id="bk_comment" classid="{E0DECE4B-6FC8-4a8f-A065-082708572369}" datafieldname="bk_comment" disabled="false" uniqueid="{72c43cc6-b895-4331-c229-cd3943a461eb}" />
                              </cell>
                            </row>
                            <row />
                            <row />
                            <row>
                              <cell id="{1e46a56b-d9d2-0580-d65c-a24dd45e74ce}" showlabel="true" locklevel="0" ordinalvalue="10005">
                                <labels>
                                  <label description="" languagecode="1033" />
                                </labels>
                                <control id="bk_experienceinficode" classid="{3EF39988-22BB-4f0b-BBBE-64B5A3748AEE}" datafieldname="bk_experienceinficode" disabled="false" />
                              </cell>
                            </row>
                          </rows>
                        </section>
                      </sections>
                    </column>
                  </columns>
                </tab>
              </tabs>
              <events>
                <event name="onload" application="true" active="true">
                  <Handlers solutionaction="Added">
                    <Handler functionName="onLoad" libraryName="bk_/Scripts/Entity/Account.js" handlerUniqueId="{7ec471b9-5618-9e8c-9ccc-e03337a306d8}" enabled="true" parameters="" passExecutionContext="false" />
                  </Handlers>
                </event>
                <event name="onchange" application="false" active="false" attribute="bk_riskcopyfromid" solutionaction="Added">
                  <Handlers>
                    <Handler functionName="CopyFromOnChange" libraryName="bk_/Scripts/Entity/Account.js" handlerUniqueId="{90624413-41b2-2e06-2908-6818056cc33c}" enabled="true" parameters="" passExecutionContext="false" />
                  </Handlers>
                </event>
              </events>
              <Navigation>
                <NavBar />
                <NavBarAreas solutionaction="Added">
                  <NavBarArea Id="Info">
                    <Titles>
                      <Title LCID="1033" Text="Common" />
                    </Titles>
                  </NavBarArea>
                  <NavBarArea Id="Sales">
                    <Titles>
                      <Title LCID="1033" Text="Sales" />
                    </Titles>
                  </NavBarArea>
                  <NavBarArea Id="Service">
                    <Titles>
                      <Title LCID="1033" Text="Service" />
                    </Titles>
                  </NavBarArea>
                  <NavBarArea Id="Marketing">
                    <Titles>
                      <Title LCID="1033" Text="Marketing" />
                    </Titles>
                  </NavBarArea>
                  <NavBarArea Id="ProcessCenter">
                    <Titles>
                      <Title LCID="1033" Text="Process Sessions" />
                    </Titles>
                  </NavBarArea>
                </NavBarAreas>
              </Navigation>
              <formLibraries solutionaction="Added">
                <Library name="bk_/Scripts/Entity/Account.js" libraryUniqueId="{248c045d-bd58-b8a4-7b19-93130b10c908}" />
              </formLibraries>
            </form>
            <LocalizedNames>
              <LocalizedName description="Account" languagecode="1033" />
            </LocalizedNames>
            <Descriptions>
              <Description description="Updated default Account form." languagecode="1033" />
            </Descriptions>
          </systemform>
        </forms>
      </FormXml>
      <RibbonDiffXml>
        <CustomActions />
        <Templates>
          <RibbonTemplates Id="Mscrm.Templates"></RibbonTemplates>
        </Templates>
        <CommandDefinitions />
        <RuleDefinitions>
          <TabDisplayRules />
          <DisplayRules />
          <EnableRules />
        </RuleDefinitions>
        <LocLabels />
      </RibbonDiffXml>
    </Entity>
  </Entities>
  <Roles></Roles>
  <Workflows>
    <Workflow WorkflowId="{f725eb57-70c2-e811-a979-000d3ab6eba0}" Name="Comment Visible And Required" Description="Click to add description">
      <XamlFileName>/Workflows/CommentVisibleAndRequired-F725EB57-70C2-E811-A979-000D3AB6EBA0.xaml</XamlFileName>
      <Type>1</Type>
      <Subprocess>0</Subprocess>
      <Category>2</Category>
      <Mode>1</Mode>
      <Scope>4</Scope>
      <OnDemand>0</OnDemand>
      <TriggerOnCreate>0</TriggerOnCreate>
      <TriggerOnDelete>0</TriggerOnDelete>
      <AsyncAutodelete>0</AsyncAutodelete>
      <SyncWorkflowLogOnFailure>0</SyncWorkflowLogOnFailure>
      <StateCode>1</StateCode>
      <StatusCode>2</StatusCode>
      <RunAs>1</RunAs>
      <IsTransacted>1</IsTransacted>
      <IntroducedVersion>1.0.0.0</IntroducedVersion>
      <IsCustomizable>1</IsCustomizable>
      <BusinessProcessType>0</BusinessProcessType>
      <PrimaryEntity>Account</PrimaryEntity>
      <LocalizedNames>
        <LocalizedName languagecode="1033" description="Comment Visible And Required" />
      </LocalizedNames>
      <Descriptions>
        <Description languagecode="1033" description="Click to add description" />
      </Descriptions>
      <ProcessTriggers>
        <ProcessTrigger processtriggerid="{8e343d5e-70c2-e811-a979-000d3ab6eba0}">
          <controltype>1</controltype>
          <formid>{8448b78f-8f42-454e-8e2a-f8196b0419af}</formid>
          <scope>1</scope>
          <controlname>bk_investmenthorizoncode</controlname>
          <event>change</event>
          <pipelinestage>0</pipelinestage>
          <iscustomizable>1</iscustomizable>
          <primaryentitytypecode>Account</primaryentitytypecode>
        </ProcessTrigger>
        <ProcessTrigger processtriggerid="{8f343d5e-70c2-e811-a979-000d3ab6eba0}">
          <formid>{8448b78f-8f42-454e-8e2a-f8196b0419af}</formid>
          <scope>1</scope>
          <event>load</event>
          <pipelinestage>0</pipelinestage>
          <iscustomizable>1</iscustomizable>
          <primaryentitytypecode>Account</primaryentitytypecode>
        </ProcessTrigger>
      </ProcessTriggers>
    </Workflow>
    <Workflow WorkflowId="{72494e82-1108-4e6c-86cc-437545879629}" Name="Inform the owner of account when risk profile fields are changed">
      <XamlFileName>/Workflows/Informtheownerofaccountwhenriskprofilefieldsarecha-72494E82-1108-4E6C-86CC-437545879629.xaml</XamlFileName>
      <Type>1</Type>
      <Subprocess>0</Subprocess>
      <Category>0</Category>
      <Mode>0</Mode>
      <Scope>4</Scope>
      <OnDemand>0</OnDemand>
      <TriggerOnUpdateAttributeList>bk_yearlyaverageturnover,bk_suitableinvestobjcode,bk_riskcopyfromid,bk_reasonofficode,bk_investmenthorizoncode,bk_experienceinficode,bk_comment</TriggerOnUpdateAttributeList>
      <TriggerOnCreate>1</TriggerOnCreate>
      <TriggerOnDelete>0</TriggerOnDelete>
      <AsyncAutodelete>1</AsyncAutodelete>
      <SyncWorkflowLogOnFailure>0</SyncWorkflowLogOnFailure>
      <StateCode>1</StateCode>
      <StatusCode>2</StatusCode>
      <RunAs>1</RunAs>
      <IsTransacted>1</IsTransacted>
      <IntroducedVersion>1.0.0.0</IntroducedVersion>
      <IsCustomizable>1</IsCustomizable>
      <PrimaryEntity>Account</PrimaryEntity>
      <LocalizedNames>
        <LocalizedName languagecode="1033" description="Inform the owner of account when risk profile fields are changed" />
      </LocalizedNames>
    </Workflow>
  </Workflows>
  <FieldSecurityProfiles></FieldSecurityProfiles>
  <Templates />
  <EntityMaps />
  <EntityRelationships>
    <EntityRelationship Name="bk_account_RiskCopyFromid">
      <EntityRelationshipType>OneToMany</EntityRelationshipType>
      <IsCustomizable>1</IsCustomizable>
      <IntroducedVersion>1.0.0.0</IntroducedVersion>
      <IsHierarchical>0</IsHierarchical>
      <ReferencingEntityName>Account</ReferencingEntityName>
      <ReferencedEntityName>Account</ReferencedEntityName>
      <CascadeAssign>NoCascade</CascadeAssign>
      <CascadeDelete>RemoveLink</CascadeDelete>
      <CascadeReparent>NoCascade</CascadeReparent>
      <CascadeShare>NoCascade</CascadeShare>
      <CascadeUnshare>NoCascade</CascadeUnshare>
      <CascadeRollupView>NoCascade</CascadeRollupView>
      <IsValidForAdvancedFind>1</IsValidForAdvancedFind>
      <ReferencingAttributeName>bk_RiskCopyFromid</ReferencingAttributeName>
      <RelationshipDescription>
        <Descriptions>
          <Description description="" languagecode="1033" />
        </Descriptions>
      </RelationshipDescription>
      <EntityRelationshipRoles>
        <EntityRelationshipRole>
          <NavPaneDisplayOption>UseCollectionName</NavPaneDisplayOption>
          <NavPaneArea>Details</NavPaneArea>
          <NavPaneOrder>10000</NavPaneOrder>
          <NavigationPropertyName>bk_RiskCopyFromid</NavigationPropertyName>
          <CustomLabels>
            <CustomLabel description="" languagecode="1033" />
          </CustomLabels>
          <RelationshipRoleType>1</RelationshipRoleType>
        </EntityRelationshipRole>
        <EntityRelationshipRole>
          <NavigationPropertyName>bk_account_RiskCopyFromid</NavigationPropertyName>
          <RelationshipRoleType>0</RelationshipRoleType>
        </EntityRelationshipRole>
      </EntityRelationshipRoles>
    </EntityRelationship>
  </EntityRelationships>
  <OrganizationSettings />
  <optionsets />
  <WebResources>
    <WebResource>
      <WebResourceId>{e9815717-72c2-e811-a979-000d3ab6eba0}</WebResourceId>
      <Name>bk_/Scripts/Entity/Account.js</Name>
      <DisplayName>Account.js</DisplayName>
      <WebResourceType>3</WebResourceType>
      <IntroducedVersion>1.0.0.0</IntroducedVersion>
      <IsEnabledForMobileClient>0</IsEnabledForMobileClient>
      <IsAvailableForMobileOffline>0</IsAvailableForMobileOffline>
      <DependencyXml>&lt;Dependencies&gt;&lt;Dependency componentType="WebResource"/&gt;&lt;/Dependencies&gt;</DependencyXml>
      <IsCustomizable>1</IsCustomizable>
      <CanBeDeleted>1</CanBeDeleted>
      <IsHidden>0</IsHidden>
      <FileName>/WebResources/bk_ScriptsEntityAccountjsE9815717-72C2-E811-A979-000D3AB6EBA0</FileName>
    </WebResource>
  </WebResources>
  <CustomControls />
  <EntityDataProviders />
  <Languages>
    <Language>1033</Language>
  </Languages>
</ImportExportXml>